"group","n","Meand15N","Meand13C","SDd15N","SDd13C"
"Biofilm",3,-0.623333333333333,-11.62,0.189296944860009,11.4481395868499
"CPOM/Plant",11,-2.83636363636364,-29.2763636363636,1.46176792089081,1.76428043534622
"Hydrurus",3,-0.93,-34.57,0.199749843554382,1.17936423550996
